Test_Name,Count,Mean_us,Min_us,Bucket_Min_Spread_us,Converged,P99_us
measurements_falk_to_falk_cpu,1000,181.64,50.38,28.69,True,346.93
measurements_falk_to_node1_cpu,1000,21225.61,21002.19,44.94,True,22391.21
measurements_falk_to_node1_gpu,1000,21850.47,21486.07,91.98,True,23681.22
measurements_falk_to_tuusula_cpu,1000,25472.51,25174.9,48.92,True,27313.35
measurements_node1_to_node1_cpu,1000,52.92,39.81,3.57,True,83.43
measurements_node1_to_node1_gpu,1000,555.49,474.17,26.84,True,1023.9
measurements_tuusula_to_falk_cpu,1000,25346.44,25128.46,109.52,True,25498.35
measurements_tuusula_to_node1_gpu,1000,38390.2,38084.04,109.04,True,39257.05
measurements_tuusula_to_tuusula_cpu,1000,126.65,49.34,7.06,True,344.06
